[
    {
        "name": "symfony/event-dispatcher",
        "version": "v2.4.1",
        "version_normalized": "2.4.1.0",
        "target-dir": "Symfony/Component/EventDispatcher",
        "source": {
            "type": "git",
            "url": "https://github.com/symfony/EventDispatcher.git",
            "reference": "e3ba42f6a70554ed05749e61b829550f6ac33601"
        },
        "dist": {
            "type": "zip",
            "url": "https://api.github.com/repos/symfony/EventDispatcher/zipball/e3ba42f6a70554ed05749e61b829550f6ac33601",
            "reference": "e3ba42f6a70554ed05749e61b829550f6ac33601",
            "shasum": ""
        },
        "require": {
            "php": ">=5.3.3"
        },
        "require-dev": {
            "symfony/dependency-injection": "~2.0"
        },
        "suggest": {
            "symfony/dependency-injection": "",
            "symfony/http-kernel": ""
        },
        "time": "2013-12-28 08:12:03",
        "type": "library",
        "extra": {
            "branch-alias": {
                "dev-master": "2.4-dev"
            }
        },
        "installation-source": "dist",
        "autoload": {
            "psr-0": {
                "Symfony\\Component\\EventDispatcher\\": ""
            }
        },
        "notification-url": "https://packagist.org/downloads/",
        "license": [
            "MIT"
        ],
        "authors": [
            {
                "name": "Fabien Potencier",
                "email": "fabien@symfony.com"
            },
            {
                "name": "Symfony Community",
                "homepage": "http://symfony.com/contributors"
            }
        ],
        "description": "Symfony EventDispatcher Component",
        "homepage": "http://symfony.com"
    },
    {
        "name": "guzzle/guzzle",
        "version": "v3.8.0",
        "version_normalized": "3.8.0.0",
        "source": {
            "type": "git",
            "url": "https://github.com/guzzle/guzzle.git",
            "reference": "b4a3ce8c05e777fa18b802956d5d0e38ad338a69"
        },
        "dist": {
            "type": "zip",
            "url": "https://api.github.com/repos/guzzle/guzzle/zipball/b4a3ce8c05e777fa18b802956d5d0e38ad338a69",
            "reference": "b4a3ce8c05e777fa18b802956d5d0e38ad338a69",
            "shasum": ""
        },
        "require": {
            "ext-curl": "*",
            "php": ">=5.3.3",
            "symfony/event-dispatcher": ">=2.1"
        },
        "replace": {
            "guzzle/batch": "self.version",
            "guzzle/cache": "self.version",
            "guzzle/common": "self.version",
            "guzzle/http": "self.version",
            "guzzle/inflection": "self.version",
            "guzzle/iterator": "self.version",
            "guzzle/log": "self.version",
            "guzzle/parser": "self.version",
            "guzzle/plugin": "self.version",
            "guzzle/plugin-async": "self.version",
            "guzzle/plugin-backoff": "self.version",
            "guzzle/plugin-cache": "self.version",
            "guzzle/plugin-cookie": "self.version",
            "guzzle/plugin-curlauth": "self.version",
            "guzzle/plugin-error-response": "self.version",
            "guzzle/plugin-history": "self.version",
            "guzzle/plugin-log": "self.version",
            "guzzle/plugin-md5": "self.version",
            "guzzle/plugin-mock": "self.version",
            "guzzle/plugin-oauth": "self.version",
            "guzzle/service": "self.version",
            "guzzle/stream": "self.version"
        },
        "require-dev": {
            "doctrine/cache": "*",
            "monolog/monolog": "1.*",
            "phpunit/phpunit": "3.7.*",
            "psr/log": "1.0.*",
            "symfony/class-loader": "*",
            "zendframework/zend-cache": "2.0.*",
            "zendframework/zend-log": "2.0.*"
        },
        "time": "2013-12-05 23:39:20",
        "type": "library",
        "extra": {
            "branch-alias": {
                "dev-master": "3.8-dev"
            }
        },
        "installation-source": "dist",
        "autoload": {
            "psr-0": {
                "Guzzle\\Tests": "tests/",
                "Guzzle": "src/"
            }
        },
        "notification-url": "https://packagist.org/downloads/",
        "license": [
            "MIT"
        ],
        "authors": [
            {
                "name": "Michael Dowling",
                "email": "mtdowling@gmail.com",
                "homepage": "https://github.com/mtdowling"
            },
            {
                "name": "Guzzle Community",
                "homepage": "https://github.com/guzzle/guzzle/contributors"
            }
        ],
        "description": "Guzzle is a PHP HTTP client library and framework for building RESTful web service clients",
        "homepage": "http://guzzlephp.org/",
        "keywords": [
            "client",
            "curl",
            "framework",
            "http",
            "http client",
            "rest",
            "web service"
        ]
    }
]
